,mfcc1,mfcc2,mfcc3,mfcc4,mfcc5,mfcc6,mfcc7,mfcc8,mfcc9,mfcc10,mfcc11,mfcc12,mfcc13,label
0,126.59978,76.03746,-5.8096333,13.457764,-4.247101,10.99998,2.6855364,5.501438,2.7713618,3.9713101,2.5552363,4.100902,3.0236316,1
1,126.90965,62.227654,-4.3464212,14.845157,-1.2425089,12.564735,1.3549279,7.0101967,4.7774487,3.3338752,3.919385,2.2285757,2.5843482,1
2,113.69998,80.2204,-6.840761,18.043343,-0.897321,10.954094,2.7164025,6.7525845,3.236335,2.628345,3.4348836,0.3753904,2.2744575,1
3,123.81981,72.96361,-7.2254043,21.83797,4.926759,10.167419,1.7826207,6.9245906,2.8591118,3.4785209,2.5937285,2.4716105,2.6160173,1
4,133.70938,61.544037,-5.7119994,16.739765,-1.5004851,11.202463,3.8336816,8.845648,3.4092684,6.0497503,4.4452467,3.7254019,3.1881826,1
5,125.24873,73.40927,-2.9395115,15.4994545,-3.8879733,10.664125,1.892761,7.208043,3.2500987,5.840679,3.515686,2.683569,2.4605486,1
6,115.0034,58.415634,-4.5652285,16.034506,-0.94210345,9.592499,0.13235371,3.184737,0.8086007,1.6718278,-1.6195669,-1.1221476,-1.7128301,1
7,113.48947,93.6658,-0.7525469,15.367159,-3.7034678,7.9306455,-3.9386349,0.8055589,-2.3416102,-2.8497858,-4.494773,-2.8269506,-1.9609255,1
8,127.47443,75.59827,-5.108073,15.144106,-2.0865037,9.611544,0.304573,5.34857,2.8056102,2.553173,1.5023425,1.1324598,0.8150482,1
9,116.24625,91.61099,-10.685843,15.033601,-0.994177,3.9610915,-3.739248,1.664303,-0.72612584,1.3521456,-0.2678536,0.296596,-0.5966081,1
10,123.47636,85.308754,-5.3934727,15.906348,-0.063735,7.7064962,-0.35654604,3.2430723,0.29857373,2.2286434,-0.3870737,1.1648738,1.2225888,1
11,123.08307,69.30139,-3.325694,17.025232,-0.20250519,10.716021,1.1821947,7.141281,4.830615,5.369837,4.117705,3.1139984,3.394372,1
12,110.888565,87.17416,-4.099687,20.758575,1.2707671,11.360147,2.8082604,4.4590607,-0.7417339,0.33849204,0.06863144,1.413825,2.2285237,1
13,134.02075,74.70383,-16.751316,12.853083,0.21850538,8.239397,-0.113757536,1.5440872,0.48422068,1.0381557,-0.6200413,0.8763452,2.449106,1
14,108.081635,77.96594,1.0885532,25.645403,3.094794,12.683636,4.4493885,7.053201,3.8254843,4.1194844,2.6943374,2.8994894,2.2322793,1
15,113.44017,81.00754,-3.4565778,16.92667,-0.8751133,7.730465,-1.3069072,2.3454795,-1.0006318,-0.13095607,0.68572974,1.7160952,-0.41572398,1
16,129.56506,67.17987,-12.799435,17.214184,4.153509,11.922079,5.4180493,7.8412833,4.1331115,3.8179152,3.181017,5.122386,4.341346,1
17,116.40323,94.27406,-13.7323265,14.156479,-1.4904188,5.92062,-3.3833053,0.5211705,0.21325009,0.9744519,-0.56652695,0.62747556,1.3650637,1
18,111.22774,72.44936,-3.6498327,19.41526,2.7429004,14.064597,2.0850859,5.5310373,2.0290513,2.4534757,0.719542,0.49942636,0.0064911246,1
19,92.716415,96.88111,-3.41299,20.207067,-2.2217374,8.706666,4.4076557,3.8917232,1.9156373,2.775942,2.5008786,2.930788,2.5410767,1
20,131.30054,65.56804,-4.4505653,18.482353,-0.037627228,8.872644,2.1931658,4.984796,0.6452143,2.834565,0.8354491,2.585824,0.4118663,1
21,117.051575,74.030334,-17.977661,13.494821,-0.6187894,7.1895103,0.2182976,3.1820574,0.5401291,1.0471953,-0.030214481,1.0338333,0.94041336,1
22,96.978485,98.10041,1.4483795,21.559675,3.5070305,11.828455,1.1580956,5.940037,2.538319,3.6084058,1.340215,0.71117353,-0.74953985,1
23,90.01637,90.781456,-4.3126783,21.53343,4.2950025,12.476837,3.5919454,6.3490963,2.4486709,3.8410378,2.0700207,3.4009748,2.4333076,1
24,78.98829,98.285645,6.142646,32.73947,13.988815,18.88277,3.0203953,3.2046857,2.657248,7.9518547,3.2519677,-0.006447226,1.113276,1
25,130.0125,69.86155,-8.764305,15.06983,1.1066284,9.642275,-0.2782892,5.9399796,3.4096334,5.5503206,1.8443139,3.5812035,1.9129255,1
26,118.17293,81.287735,-10.4933815,12.373482,-2.1906486,9.392225,-0.169652,2.0431595,0.38065812,2.0427682,1.1446885,0.9100691,0.9878143,1
27,102.12125,89.72887,-7.725736,22.092087,5.461674,10.403288,1.0671195,3.9751065,4.5103054,4.0846066,1.5787661,2.586062,2.3055463,1
28,112.61885,87.52234,-11.812312,13.065075,0.6376084,10.090408,4.4332747,4.7475376,1.5913093,1.5172617,0.28783923,1.4760199,1.1900334,1
29,130.43515,64.30823,-12.369753,16.25708,-3.9181614,5.8796415,-0.82725424,1.7173378,-1.7734764,-0.07820011,-0.17588854,0.34359783,0.8470713,1
30,129.40802,78.46163,-16.151512,13.27887,-4.445231,7.0912085,0.14012,2.9083872,1.8273674,1.1651598,0.5485498,0.99162424,1.2838168,1
31,124.83743,71.62402,1.7816432,15.385672,-1.702023,13.668779,1.676832,8.380615,4.3096523,4.0174847,1.4351065,3.3147383,1.0727959,1
32,122.829254,61.853786,1.6301687,12.787233,0.63867885,14.962807,5.5604835,10.207813,2.4056668,6.496808,2.1388268,2.808364,1.2863501,1
33,119.37398,65.87861,-9.618391,17.447803,3.1683664,10.371988,0.9885105,5.274973,1.9800162,3.2568655,2.3627825,1.9346406,1.5893393,1
34,121.21416,81.09503,-14.016899,14.932564,-0.99483013,8.27065,1.437387,2.9559324,-0.37874722,1.7517393,0.68555796,1.9142402,0.4275294,1
35,129.50113,70.39053,-5.666109,11.719187,-3.0043607,12.1010895,3.0119305,7.411909,2.430416,4.1409926,1.7291591,0.86827505,1.4712718,1
36,126.7926,89.58461,-6.9141164,14.710001,-2.1366284,7.037744,-0.9239937,2.8993216,-1.1032299,0.40855685,0.5185926,1.6285617,1.2081398,1
37,101.74948,79.51477,-1.5716753,22.055914,-1.0690156,9.9514065,2.39187,4.9722176,3.1633081,5.8419228,3.2155015,2.4503982,1.7609323,1
38,126.872765,69.892166,1.337817,12.369617,-4.176754,11.1148205,-0.3234834,6.72171,2.0738914,5.4630537,1.5369251,0.42044905,2.086417,1
39,91.71956,102.55391,-3.4899912,19.868427,2.433529,11.034885,4.0352073,6.1880846,1.4134734,3.5852327,2.8569956,1.9095359,2.6536493,1
40,98.51492,78.9762,-10.362409,17.93623,3.023592,8.144955,1.9536965,3.705351,0.2305866,1.9573829,1.9547684,4.557252,4.1513042,1
41,113.452385,92.124565,-14.716703,10.614536,-6.527273,6.209407,-1.366107,3.228075,3.3065114,1.2268324,0.18147282,-0.1708646,-0.16989903,1
42,105.665054,79.10536,1.7720329,18.529615,2.1787062,10.275007,0.97455627,6.073136,0.9386375,2.0309331,-0.39480513,0.42622578,0.96615183,1
43,113.705605,78.09161,-3.390799,18.73892,-3.6722276,9.280633,1.9998635,6.737136,3.8805358,7.225859,4.3194847,0.92577684,1.5553628,1
44,100.47844,96.52281,-6.39324,16.70795,-0.637084,10.827379,2.2761378,3.480576,1.6545541,2.1697261,3.0989847,3.9960642,2.6684842,1
45,133.00958,69.31261,-6.3748417,12.478303,-5.7053576,10.269273,2.3662002,8.111292,4.274441,5.9597554,4.3169165,3.9522448,3.6612756,1
46,125.259964,79.17941,-13.884743,15.680138,0.6634779,8.187252,1.7998786,5.147752,1.9520259,1.0027837,-0.92788935,0.06373941,0.90682685,1
47,106.37846,84.50109,-2.3624496,18.438786,3.0384426,9.726484,4.272727,4.533668,2.4351692,2.3955421,1.3717878,2.358221,1.7619799,1
48,129.57437,75.05199,-9.748045,13.806074,-2.7054987,6.955862,-2.2279928,1.5479676,-0.36261773,-0.12842566,1.8115623,2.673243,0.46906483,1
49,119.20816,62.618797,-9.395437,24.151659,0.7766437,8.871806,2.2473817,4.0779753,2.6626606,3.0357418,2.7454102,3.313345,4.295002,1
50,99.13652,88.75284,-0.9028015,21.532812,4.366868,13.262039,4.610381,6.352442,2.7551033,3.6436496,1.4653944,2.4955773,0.8186576,1
51,111.3387,87.40442,-15.754082,17.794132,2.3119414,7.6087456,1.215219,2.7924988,1.9612224,1.2602634,-0.0554422,0.034026366,-0.45200008,1
52,109.8797,82.665596,-3.091744,18.042248,1.466758,12.895027,2.7342567,6.7675247,2.6931787,2.3864276,2.7283554,2.832295,4.130556,1
53,134.22751,68.383,-7.9112215,14.348316,-3.4467735,10.651519,0.92503345,4.295683,0.6364128,3.3407245,3.6318378,2.5458162,3.8759198,1
54,105.71011,76.2,-0.359907,17.095009,-0.26627415,12.58593,3.0081267,5.485485,2.7861552,4.223495,0.5009498,3.4830933,4.8444486,1
55,109.79759,80.9886,-7.8451433,19.298624,0.970991,6.510995,-0.060647305,2.7802057,-1.2577561,0.44593468,-1.987891,-1.5035838,-2.6208844,1
56,97.75846,94.485504,-8.050583,15.260799,0.14309447,8.815527,3.196749,4.7347383,1.5914087,3.6722784,1.6001706,1.8149304,2.0150146,1
57,124.34424,65.123344,2.2451005,21.18939,-0.97694826,12.512609,-0.5194441,3.0089853,1.9052014,3.4274812,1.7622013,1.3893471,1.5121678,1
58,98.141846,81.81257,-5.9925795,15.169529,-1.291917,10.347021,3.3370495,6.5206842,4.6379337,5.5797834,4.936056,3.6030095,3.5936108,1
59,105.73193,87.036575,-6.850321,20.848106,3.1859365,9.541643,1.5962981,5.2675304,3.3288784,4.3278437,2.8926435,2.7772064,2.1791592,1
60,118.01683,88.98804,-7.8798604,22.544323,-0.07626623,9.016455,3.355946,2.842461,2.8507338,3.4145179,2.2664847,2.8677158,2.7404125,1
61,131.23882,68.87955,-6.323255,9.020654,-3.131277,4.2851562,0.6637057,3.0704496,-0.10577972,1.2215444,0.5946045,2.5243335,2.9331183,1
62,97.44939,110.613785,-7.1811037,16.75008,1.5947284,10.964724,2.511908,3.599712,1.5343494,2.1047668,0.40421116,1.5122373,1.1437945,1
63,122.911606,81.235466,-1.0433464,18.13578,-1.4193976,10.2398815,-0.7198679,3.25348,-2.2824345,-0.118142754,0.6903846,1.1235472,0.20126891,1
64,102.07028,81.48252,-5.8453345,20.465359,-1.7501446,9.686956,5.511638,5.4994154,3.9224114,3.6128225,3.005598,3.5562656,2.149805,1
65,89.60257,91.29872,5.6595125,20.509323,2.9475455,11.606787,2.5899482,7.8931675,3.4926333,4.5986996,1.9488955,3.3371334,1.750107,1
66,123.43313,71.71733,-5.375307,15.996477,-1.0056772,14.087661,4.044627,9.916559,7.047917,6.179942,4.5414295,2.3041646,1.8745085,1
67,128.31679,79.49917,-6.7656355,10.256117,-0.49290875,9.676285,0.065734,5.2615943,0.25822303,2.919705,2.3884907,1.883393,2.0156574,1
68,94.84565,99.50999,0.67203677,20.500423,0.5253664,13.120037,1.9475868,3.8564441,1.2217332,1.2534745,0.115591526,0.7496869,-1.1151923,1
69,114.652664,73.10564,-6.4505444,21.46167,1.8014333,8.87432,2.4909914,3.3319435,1.6926358,1.1421435,-8.593127e-05,1.3181765,1.0615271,1
70,99.40232,87.30803,4.3295364,25.046497,-0.74704766,9.462734,-1.074862,1.4114811,-1.2988302,-2.3899217,-0.21971323,-1.356088,-1.1165081,1
71,123.849106,81.89874,-3.7344704,14.421532,-1.2501619,8.821325,-2.2033024,3.553935,-0.6871483,1.3675203,0.45712653,0.7688453,-1.5293977,1
72,98.78546,91.3304,5.99535,21.51551,-2.4629002,10.493101,2.0986629,4.1046677,2.7640529,3.937005,3.6405704,3.7998753,3.8103912,1
73,126.95695,64.247375,-9.525911,14.464189,-4.459772,10.309719,2.9825053,6.2452955,1.7128711,3.014935,3.1817796,-0.21964076,-0.11075282,1
74,103.592,82.82886,-10.258562,14.844873,-2.444209,4.74398,-2.3479218,-0.4230113,-1.0162244,0.44265947,0.017162975,1.009324,1.1778743,1
75,135.45609,65.85248,-11.675989,16.85969,0.9424763,8.923295,0.41030085,3.9793935,-0.06845628,1.4127018,0.06915049,0.7273138,0.3015352,1
76,84.69122,70.81515,5.5966043,22.822563,1.6722641,11.4050045,-0.8439497,4.399965,1.5577741,2.8220458,1.1254406,3.3043303,2.0041947,1
77,115.09882,84.09136,-11.571871,13.230743,-1.5019366,6.324174,-0.9224635,3.0171099,1.8499206,3.3349414,3.5109222,3.171568,0.30010015,1
78,107.28545,77.51445,3.8432102,22.231655,1.7329216,12.095098,2.1803336,5.578452,4.6438828,4.888009,1.7932134,3.1520689,1.937746,1
79,110.17421,69.99544,-6.162755,18.322212,-0.4745391,8.230734,0.9829879,3.2264721,0.6707867,2.1759763,1.0924864,2.62928,2.5361724,1
80,122.269226,83.64041,-4.95286,14.595123,-3.0227427,8.594948,2.4743114,6.508714,1.1794658,3.4339588,0.69331884,2.3448353,1.7075222,1
81,126.719376,63.570686,-20.541763,12.790035,0.85500276,10.233963,1.4405649,4.677964,1.4188573,3.1474767,2.4805727,1.4891305,0.72664464,1
82,122.85773,75.07883,-8.07565,14.580715,-0.38493264,12.768338,4.461072,9.369958,5.5112257,7.812834,4.437478,3.3855844,3.8559153,1
83,93.98274,87.57939,-1.5904219,29.193634,8.087024,10.162464,4.887952,7.0758924,4.7037687,3.3478723,3.5330644,3.7873282,2.571277,1
84,127.3967,71.00581,-8.702061,16.859966,-0.47760656,10.009466,3.6735277,7.3651543,3.5320697,4.4141736,1.7974617,3.5177875,2.4621754,1
85,123.869446,76.227036,-9.034489,14.290941,-1.2199233,7.0064306,-0.8236427,2.3768141,1.2630937,2.7245169,1.8285068,1.1810588,0.38262275,1
86,102.97447,90.15046,-0.67093486,19.707508,-2.8076186,7.773899,0.33021134,2.9829667,0.08490889,0.32700747,-0.082637325,1.0929598,1.3783408,1
87,117.67704,77.61147,-9.883535,18.116817,3.0742626,9.822779,1.5056169,3.25626,0.23794362,1.2532983,0.81978524,2.7840605,1.6041366,1
88,102.76578,71.78322,-7.6169596,21.373154,1.893011,15.230835,4.7822075,7.65944,5.373664,4.3566895,4.6628537,3.2242475,1.8635924,1
89,127.49319,73.335434,-7.4018335,14.44034,0.6270837,8.817508,0.15506642,3.0167584,-0.10860108,1.7166506,-1.1995313,0.5072186,-0.5952933,1
90,109.32388,61.180847,1.91735,15.197784,-0.24292785,14.332371,0.54047406,7.7344656,3.689022,3.87532,4.749771,2.7960324,3.4947393,1
91,129.77695,68.68573,-4.547285,15.863201,0.91936374,11.791985,3.042191,6.504653,1.7492433,5.664715,4.809346,3.547429,1.5231838,1
92,106.558945,80.782776,-11.453663,23.633842,9.072247,15.072073,5.6973696,5.833411,3.663345,3.9068725,3.1240253,2.0348928,1.8962302,1
93,117.87198,73.50192,-0.38930157,19.181343,0.8675042,9.69078,2.345488,7.0291953,2.5169227,3.312037,3.3913574,3.2751818,2.2907443,1
94,119.47807,82.093796,-2.2675457,18.382528,-1.6557039,6.874305,-0.39266625,3.0702128,-0.2900376,1.6987966,0.15880422,1.3347952,-0.052169632,1
95,92.026566,75.8923,0.35911378,23.806564,0.3127151,11.177173,3.4615111,7.0309157,6.0425973,5.542865,4.1144066,3.7195153,2.4716616,1
96,117.9694,77.13187,-6.1611304,19.760342,1.8845239,11.667505,1.7208741,4.5805116,0.69152987,1.5427055,0.7434168,1.4996976,1.7252909,1
97,89.600586,92.109436,0.66255903,21.584187,2.1721005,9.861681,1.9979341,5.495343,1.2786016,3.1518545,1.3947072,1.8064759,1.5603042,1
98,124.27795,72.10382,-10.084986,20.826252,4.4849215,10.248831,2.4236045,6.309752,4.408816,4.438012,2.9585543,3.5016325,2.9381046,1
99,106.00235,74.31453,0.2192205,25.485268,4.766096,14.274557,3.7900884,5.4799557,1.5891123,3.040957,0.85529673,2.1669836,1.5963409,1
100,95.46446,92.81906,0.5867499,24.826935,1.3824884,10.882286,1.1462259,5.7246785,2.7966394,1.8283135,2.2241936,0.92860574,2.2952466,1
101,97.61609,79.499985,-4.239212,20.730934,1.9175347,9.025773,1.3912178,4.6120715,1.3954451,1.8124411,1.0866195,2.2181416,1.8513314,1
102,100.87424,87.569016,-11.8660965,14.891361,0.7558568,11.840984,6.3314905,9.328022,2.8344455,0.40996197,-0.9698725,1.9769447,4.677597,1
103,102.578064,82.82265,-6.2361126,24.328709,3.3961625,13.865198,5.8845005,8.065176,4.9567337,4.6136484,2.574285,2.4678006,3.0084152,1
104,112.92575,70.6687,-0.5071728,17.093475,1.6088345,5.963139,1.9427626,3.8329191,1.4709911,1.7627406,0.94006366,2.87084,1.8760345,1
105,126.98283,70.384834,-6.17982,16.891865,-1.959017,12.704218,4.241539,7.4536486,3.128625,5.4654875,5.756086,4.34172,4.399276,1
106,116.098946,68.191795,-6.3433027,20.343512,3.731495,11.290664,2.427097,3.8344903,3.276153,4.9273467,2.4223738,0.64164424,1.4468076,1
107,98.313255,88.39426,-5.485223,21.475563,5.3808537,11.474068,6.081379,7.4060216,3.367941,3.4626832,0.642054,2.377791,3.528678,1
108,107.88808,77.85672,0.18457386,17.56183,-2.67382,9.824442,-1.0977808,5.029559,0.96133,2.7635615,1.7026522,2.2856474,2.2351604,1
109,130.04147,72.464676,-5.412453,9.860092,-1.4369625,9.935251,-0.9931785,7.85633,0.6677244,1.3874207,-0.74737287,0.68432724,2.265421,1
110,106.320145,90.89609,-3.018445,17.68879,4.410029,9.352114,0.9168539,7.6449795,1.3125784,1.1390499,2.579875,0.15943749,-0.65093935,1
111,112.388245,86.88869,-2.6683779,18.818253,0.6090801,10.451815,2.5617075,7.1763835,1.562186,2.6299772,1.6284108,1.8014569,1.3478556,1
112,125.504,69.60746,-6.870904,19.471554,-0.16153646,11.733983,3.1868718,6.7304783,3.7607844,3.340236,3.044033,3.2600284,3.1855102,1
113,102.01393,104.5653,-5.0898743,21.62941,3.824984,11.677285,0.62848884,3.4746623,0.43932104,2.2440765,0.5424495,0.49118268,0.41764373,1
114,122.34383,70.33496,-7.716037,14.039385,-3.191711,8.335577,-0.10798055,5.772075,1.9335421,3.9924164,3.4211907,4.30801,3.365405,1
115,122.097855,69.513535,-6.2172604,17.259678,-0.588427,8.578022,4.167364,6.158828,3.7026668,3.9191785,2.7604449,4.4146147,1.816767,1
116,92.9088,90.9639,-1.9812592,23.491053,4.4561887,12.671815,5.4283705,5.9575844,3.1379967,3.1160283,2.2154632,1.2226493,0.62209547,1
117,110.51277,90.66732,-9.655658,18.750996,-1.036536,7.948269,1.1715139,2.1973,1.1686593,2.9484553,0.017141953,0.7396412,1.8508534,1
118,131.44638,66.25493,-6.479314,16.203136,-4.2637825,8.86289,2.985746,10.509437,4.7163715,6.169592,4.7133512,4.283058,4.2776356,1
119,112.36234,67.49564,-10.895676,21.435692,1.2198542,15.510662,6.7272253,7.0740623,8.976543,5.903144,2.8331585,3.1255827,4.290066,1
120,123.908516,79.61722,-4.5911026,13.657283,-2.6170444,11.350402,1.2205658,6.966717,2.4324045,2.7636404,1.917845,0.8091452,1.5772359,1
121,115.44926,77.95415,-8.7310915,18.733978,5.564457,11.7038,4.129621,7.9894876,4.8673177,3.1700203,3.3759422,5.171195,2.8037248,1
122,101.53944,86.009094,1.6908875,23.218243,3.722061,12.607002,1.4123303,4.3351393,1.1816692,1.7272286,0.4842471,0.89904255,1.0136745,1
123,89.5088,87.85928,-2.4081101,23.230022,4.6546273,9.660555,4.0508366,6.2807474,2.1271234,2.898394,1.3045616,2.9501405,3.175632,1
124,98.141846,81.81257,-5.9925795,15.169529,-1.291917,10.347021,3.3370495,6.5206842,4.6379337,5.5797834,4.936056,3.6030095,3.5936108,1
125,120.6156,82.42088,-4.4898653,21.32723,0.34802172,12.108915,1.6567144,6.4090824,4.8568187,3.4603221,4.1586103,2.7077403,2.8139873,1
126,124.600235,73.09786,0.97118926,18.980457,-0.8612457,10.5191345,1.6641192,7.4018097,3.8048048,4.2658925,2.3970182,3.5082195,3.470365,1
127,128.737,58.612095,-6.9561625,14.691845,-1.7878768,11.202324,2.911122,5.7068567,0.92128766,2.3056746,0.51475763,1.1027455,0.82812464,1
128,107.15029,90.172455,-7.3608136,18.069319,-0.46940786,9.281998,0.6285401,3.6595454,2.261726,1.8916391,-0.5758274,1.5794013,2.184064,1
129,85.21294,101.853424,1.6533731,25.220604,3.4389238,10.198006,0.58952165,3.917188,-0.15755907,0.90576535,-0.38880268,-0.32216495,-1.1627777,1
130,115.44789,85.03024,-7.910014,15.665823,3.0179348,10.350175,4.252674,7.9985914,3.0750506,7.660474,4.676693,4.3244123,2.0027494,1
131,112.43942,82.26041,-9.845999,20.485886,3.0875835,9.590928,0.8952106,3.757329,2.6560485,1.5568485,1.1213124,1.0670455,0.31006896,1
132,121.739655,76.994415,-5.000208,14.864575,-2.173551,11.363167,3.4474046,4.883212,2.2199779,2.084782,2.5746815,3.4298239,2.892445,1
133,97.53031,78.5594,-0.94192904,18.87262,1.8970753,14.087959,3.7538185,8.085851,2.9212132,1.1351867,-1.375689,-1.0129527,0.77288866,1
134,111.960175,95.325455,-10.328075,17.304396,0.46485823,9.2593155,2.42733,4.316288,3.3231664,3.958366,2.8298135,3.223152,2.5953245,1
135,130.37433,66.321304,-1.3074205,15.134096,-0.98305523,10.975262,3.1396852,7.121361,1.5040076,3.0133038,1.9340382,3.1809669,3.6006687,1
136,107.829605,85.37342,-5.0652056,17.703451,-1.4652481,7.536659,-0.79511327,4.269165,2.0586462,2.2973962,2.7301307,2.5144863,3.570266,1
137,98.74924,58.769554,10.304798,20.225292,-0.45934752,13.50952,1.303287,4.3255005,-0.34085572,1.1322696,-2.0654826,0.724632,-0.813841,1
138,94.95576,90.49779,-1.3744179,24.43766,6.8303246,10.931814,3.3046536,5.5490255,2.3387332,4.2213717,1.5776743,2.5475178,2.2086234,1
139,92.07322,103.758835,-8.786386,18.287878,3.9579468,9.503512,4.4362264,5.912497,3.3033402,3.0899286,2.4438314,2.6032305,1.3495829,1
140,126.36771,64.340515,0.9855626,15.988221,0.56243646,9.709379,-1.6053449,4.4145126,2.8399134,3.842956,3.162737,4.3158693,2.1134756,1
141,130.7337,64.19207,-9.531444,13.556688,-0.831715,10.726882,1.1475741,5.1667047,1.6347375,1.7755967,1.796096,1.6257408,1.8632109,1
142,128.14328,60.823288,2.6135168,17.912617,-0.88518244,10.210696,1.1083633,6.293585,5.5470076,5.8109336,3.1861117,2.466434,1.0826272,1
143,101.290146,95.11964,-1.8617487,19.026745,-0.1628823,12.289417,4.1450825,7.958545,3.6300035,2.180838,-0.16810471,0.3725577,0.3351763,1
144,106.04173,72.87153,-3.5111704,23.78095,0.09674791,12.365703,4.239334,4.405646,3.3311892,2.7273505,3.3576117,3.557014,3.6587505,1
145,127.602615,71.04846,-8.44127,14.338486,-1.3658442,10.790804,3.7098672,7.174895,0.5897057,3.8649755,0.8272116,1.0877135,2.4092064,1
146,117.57306,73.76901,-4.4177275,17.367523,-1.3136306,9.638524,2.2019677,5.2202616,1.4162949,0.7580964,0.11355402,0.09661054,0.51736134,1
147,106.17864,76.39365,2.4107964,21.96384,1.969898,10.209505,1.519202,5.5482864,1.7819247,3.1473508,2.281338,3.2183654,3.121171,1
148,121.21416,81.09503,-14.016899,14.932564,-0.99483013,8.27065,1.437387,2.9559324,-0.37874722,1.7517393,0.68555796,1.9142402,0.4275294,1
149,120.62225,80.02936,1.6310147,19.274742,-2.7189896,12.013125,3.3469267,7.3111057,3.3358052,3.492645,1.2139044,1.5907145,1.2832263,1
150,123.03254,77.240555,-3.9640594,15.222995,-1.1537979,11.950741,4.3054323,6.809619,2.6124783,3.6907785,0.7825177,0.20934932,-0.48332906,1
151,129.35477,75.57025,-7.9645386,11.632145,-3.443983,7.613731,-0.3700064,5.5994167,1.3119545,1.8640642,0.7057556,0.86658883,0.78650117,1
152,117.812195,88.33552,-2.880165,15.842949,-1.1052549,8.540306,0.50007015,4.3380985,1.3958138,3.2390203,1.1461087,3.1288753,2.3167052,1
153,128.48663,70.28641,-1.1761891,14.626373,-2.8750563,10.389488,2.2582836,6.393669,1.8662784,6.6997766,2.7351794,3.9061613,1.7570949,1
154,100.65504,87.7841,-12.259542,14.872725,0.8094907,11.767876,6.45756,9.259432,2.9250283,0.38809466,-0.95371234,1.9138544,4.633958,1
155,119.03674,78.971176,-3.8218665,20.218494,1.2740171,13.54526,3.854124,7.240714,2.073493,3.3176517,2.615992,1.936949,1.3478487,1
156,130.9165,75.363434,-19.998285,8.33873,-7.2646446,2.100069,-4.7289295,-0.8227768,-1.6220868,-0.89132506,-1.5420355,-0.5889656,-0.34431165,1
157,94.25131,82.33477,-5.819174,20.905634,1.5420212,15.090479,4.0316,5.563287,2.624948,2.5820866,1.8698295,1.1476564,-0.2629313,1
158,85.80858,95.077705,2.2946796,22.170177,4.0982056,13.177252,0.76286435,5.9855433,2.9056473,3.9011853,1.7297689,1.813436,1.4514525,1
159,121.1211,87.07325,-3.9497905,15.513575,-0.82316893,8.508338,-1.0371377,1.8111792,-1.9477695,0.045937687,-0.70374846,0.33092073,1.345992,1
160,118.519646,82.23035,1.8135355,15.505164,-0.6820935,8.313353,0.03986716,2.3540149,-2.065139,-0.30962098,-0.80493355,0.52220374,1.0532055,1
161,108.99413,80.08986,-7.33231,19.405148,2.0463724,10.871801,1.5867951,4.287403,2.9644885,4.1167808,3.223634,2.478835,2.7754307,1
162,114.41488,93.08961,-0.1643314,13.835953,-0.97315586,8.426289,-1.4890231,3.4936633,-0.6635013,0.9601027,-0.38359058,0.8268753,-0.7671472,1
163,123.69023,76.83352,-7.9587917,13.598673,-3.6646104,6.0557017,-1.8020211,1.4074831,-0.8642886,1.7543067,1.2309074,3.0845344,1.6544418,1
164,78.97501,88.35739,-0.65232193,22.085487,1.4010677,11.224281,0.4900086,3.4756122,1.4960406,3.2924137,2.5472813,3.0912743,2.20089,1
165,116.78029,81.75929,-7.394296,12.95594,-4.663622,8.110149,1.2355732,2.4952707,2.0883458,3.041445,0.322038,2.332067,0.27841175,1
166,133.25436,67.11727,-7.219925,18.44357,-1.7993622,6.7152286,-0.84172106,3.0974884,2.59904,3.7913103,2.069156,3.2937856,2.1925883,1
167,120.15083,72.049515,-10.216839,20.643852,-1.489346,7.482338,1.432692,1.9736936,1.1187879,0.1744798,-1.4294596,-0.29338604,-0.22825253,1
168,104.35976,78.24313,-7.9309154,21.058943,4.10837,11.801146,4.186431,5.898245,2.9634748,4.5085826,1.8951203,1.6295546,1.7963004,1
169,115.17924,71.875885,-0.63034815,22.674713,1.2363588,7.1004763,3.7981892,6.5300875,3.394402,4.0826583,0.18013625,3.3228517,2.2231827,1
170,87.12314,73.97632,0.7502594,20.48878,5.5216274,15.435455,1.3751583,7.4152055,1.9103196,4.6390395,2.1201844,2.3552356,2.7993584,1
171,113.07788,57.509666,-6.348783,19.130981,-2.253373,10.0829735,1.3910426,5.0170326,2.5103889,2.247107,0.90823555,1.4036413,2.5811596,1
172,132.21701,68.43826,-11.804327,11.269411,-2.2950463,7.1286545,-1.6515272,4.4304543,-0.259081,2.5529647,1.7849877,2.5704563,0.8602892,1
173,121.13443,88.19739,-12.529612,10.48456,-4.3468037,4.3875256,-3.9638882,1.8933694,1.0243526,2.7122586,2.4136357,1.4479743,0.012216948,1
174,108.093155,75.42479,-8.780327,19.178886,-0.80971265,8.893708,1.8324673,6.490018,3.5742674,3.0952315,1.2636403,0.5381878,-0.11173272,1
175,100.399445,108.932014,-5.5479593,17.087543,-3.7683148,5.903752,-0.07177177,2.1489792,1.2330006,-0.22732586,-1.4132762,-1.0616932,-0.5134665,1
176,84.6098,99.65138,9.846672,27.338242,8.213673,14.924778,6.0912743,8.998985,2.999834,4.721778,1.6612637,3.0290442,1.4878985,1
177,114.542175,60.280296,-13.479671,12.3826885,-2.46874,10.486319,2.6621795,3.937994,0.15314305,2.622614,1.2906632,1.4988289,0.9864714,1
178,126.04341,71.96617,-11.326317,14.224182,-0.36296293,5.569481,2.6101444,4.26623,1.473962,3.836904,3.167437,4.0572248,2.535538,0
179,126.88994,75.55023,-7.374056,14.9728565,-0.6085454,7.517045,-0.90168816,4.1439757,1.682656,2.3278537,1.7961955,2.3937323,2.3706548,0
180,108.63362,77.00354,-5.4673615,22.517813,1.8873135,7.344266,-0.12759626,2.3182855,1.9684974,2.1346762,1.3964586,2.9883366,2.0326612,0
181,122.7988,75.3484,-14.4078455,13.30828,-1.9676456,8.663734,2.550932,6.693659,3.3502789,4.296748,1.5702229,0.22195306,0.35738742,0
182,132.99947,59.69362,-12.614398,14.356081,0.19229586,7.610429,0.15389921,4.5640283,0.7189129,3.1395197,1.8373896,2.7179031,1.9822248,0
183,121.87422,81.10732,-12.200876,11.555634,-1.0641373,7.951998,1.4752964,4.9239407,0.45550844,3.0888162,3.7583852,4.6642036,4.422602,0
184,120.07353,77.35156,-9.674973,19.13692,2.496301,9.118049,3.2840986,6.463373,2.3808758,2.8598995,1.8694161,2.0181568,1.9697001,0
185,130.08612,66.2555,-8.206185,18.49544,-2.2921164,5.9312105,-0.5279548,3.561609,2.4691114,1.536532,0.09195664,2.4569335,1.6977154,0
186,115.071686,70.96266,-20.887444,5.8130217,-4.896044,4.693964,2.0117457,8.116674,3.6519923,2.7754412,1.4497004,5.1941967,4.05346,0
187,130.60583,75.034485,-9.358031,16.789818,1.2215335,10.27408,2.1166964,1.6230217,0.2796745,2.716964,2.7702098,3.0548768,1.5144255,0
188,119.28028,85.096436,-10.655369,16.151466,-0.087235026,5.7983427,-1.5524635,4.210099,2.4177394,4.46508,5.3826933,2.9801564,2.821483,0
189,123.35835,71.036415,-9.153105,10.298066,-3.9840841,9.460182,1.9008017,6.4687986,2.1231484,4.189225,1.971386,2.233386,0.28059292,0
190,123.74231,79.00644,-18.374142,8.663225,-3.0321863,5.817391,0.88193446,3.3846383,2.0139756,5.025342,5.086857,5.057191,4.2852716,0
191,123.00021,61.150757,-13.694448,16.291744,1.3700484,8.530319,3.5293865,7.5371284,4.255314,4.28701,2.655263,2.93396,2.5864372,0
192,122.518105,57.21089,0.9806346,20.69009,1.2958382,13.054357,1.776516,6.7998114,2.721622,2.2733178,1.52626,1.0502839,0.87221754,0
193,123.896965,60.24067,-10.632654,13.932064,-0.3155635,5.9434705,-0.28615737,5.0547547,3.2676845,4.73345,4.6764607,4.418801,0.8489553,0
194,122.646194,66.41252,-9.844715,14.528437,2.7054133,8.642342,0.93209183,4.7318506,2.013131,3.0901198,2.603097,3.6005445,2.1638508,0
195,116.190155,83.824585,-6.019766,21.257835,1.2734824,7.9291463,2.821965,4.5470905,2.6024473,3.7268114,1.4979298,0.58836126,0.8701272,0
196,131.37657,67.142105,-7.201142,13.316753,2.1115744,11.466597,0.9552289,6.41816,1.7863573,2.6123161,1.9864312,2.1775446,1.3810146,0
197,117.791626,71.95868,-9.530693,21.275597,3.2559829,11.22935,6.2101865,5.8675466,3.1905522,3.3405476,3.1394444,4.749283,2.542398,0
198,136.75429,53.537476,-10.094563,14.788141,-3.8559794,8.881756,1.3441157,4.4495144,2.1111598,2.7647989,0.20141405,0.9789263,0.9340216,0
199,118.393295,81.68233,-17.38292,13.270402,-2.1650963,5.366705,-0.29206312,3.2048483,0.66943216,1.2034495,0.90425205,-0.107324146,-1.0302377,0
200,127.065414,65.73863,-16.888432,12.065068,0.33937854,10.171278,0.45368254,2.436832,0.43419173,1.6469324,-2.2093866,0.13038182,3.0813966,0
201,113.08957,81.30591,-12.98724,13.478229,-2.6827266,8.513311,4.141409,7.4797287,4.6331306,5.9766665,2.5045834,2.414873,2.3883262,0
202,125.3062,85.13791,-9.125296,15.983485,-1.3227868,7.074272,1.1074191,3.743174,1.0558306,2.0716085,0.45046407,1.4911389,-0.036029316,0
203,131.6386,54.05237,-1.7043998,11.505379,-1.5695829,9.833056,-0.023136875,7.6206326,2.1096144,5.7860975,0.19625124,3.4939427,3.0788121,0
204,130.27167,67.021416,-12.111988,13.322346,0.10859251,8.810153,2.314746,6.8924556,3.1015286,4.8951416,1.9309745,2.4816635,2.2932365,0
205,125.98154,75.755295,-10.678697,17.600788,-3.545032,7.937772,2.1580477,3.7127056,0.65695703,1.730032,1.4092448,1.9189833,1.5590894,0
206,126.447235,64.52641,-11.315563,15.7439,0.2720026,4.601303,-3.2681646,2.1264033,-0.016793862,3.0288577,0.7559264,1.3083754,0.37801713,0
207,106.772675,84.852196,-4.875703,22.62062,3.1900878,9.281974,1.3341284,1.9436855,0.5236399,1.646683,-0.039450023,1.9310564,1.3414419,0
208,120.07353,77.35156,-9.674973,19.13692,2.496301,9.118049,3.2840986,6.463373,2.3808758,2.8598995,1.8694161,2.0181568,1.9697001,0
209,139.30246,61.309593,-8.6489105,14.3473835,-2.977286,10.937183,5.061005,8.233318,4.559842,4.1102524,3.038197,3.5463536,2.999939,0
210,135.02733,56.57428,-11.8470955,20.54044,0.8690366,5.9237404,1.8103616,4.1535892,-0.01871854,1.8619424,0.11297241,0.5079795,3.1456037,0
211,121.158356,70.50128,-5.37401,16.786125,-0.3641785,8.494003,0.81228095,7.4863133,1.6757662,1.7873048,2.0180812,1.8458077,2.627674,0
212,124.687744,74.41046,-11.574043,12.779017,1.2143266,10.785391,-2.3422303,1.9546461,1.2836534,1.7325592,2.6953645,3.4152768,2.3112388,0
213,131.389,57.821068,-10.685865,16.2496,-3.9130442,4.309334,0.023751147,3.6282718,0.35211504,3.799774,4.353888,5.643188,5.7671776,0
214,122.25809,65.71442,-4.56411,19.957233,4.647355,11.946131,5.458948,5.8286457,1.9176071,5.084143,3.7217305,3.1793747,1.5188572,0
215,125.98154,75.755295,-10.678697,17.600788,-3.545032,7.937772,2.1580477,3.7127056,0.65695703,1.730032,1.4092448,1.9189833,1.5590894,0
216,115.2473,88.86476,-8.971933,16.068007,-2.2495623,5.538494,-1.3851857,1.6061828,-0.34931448,1.258683,0.5282014,0.73854566,0.32814646,0
217,119.997055,91.72525,-9.286309,16.289492,0.020700656,8.44628,1.4348285,2.277276,0.007046463,1.5195265,-0.31649387,0.44961166,0.66362464,0
218,96.94168,91.24086,-14.171926,19.934555,3.050662,11.097499,5.190053,6.641047,3.338141,3.3518825,2.8443246,1.6603941,1.8513125,0
219,117.83648,73.42946,-6.089884,11.535286,-4.3915296,7.8816824,0.5574142,6.4084735,0.578799,3.0489967,1.2031467,1.9348955,1.5478733,0
220,131.83847,80.00522,-13.399911,13.819933,-1.2298915,6.735338,-0.9485619,3.1339257,0.9956583,1.747596,2.8099616,3.5319018,3.2109096,0
221,125.4411,59.11518,-8.86548,12.463678,1.7522879,13.625221,1.2307715,7.485532,4.210006,4.6802454,3.2535307,2.6564445,1.0923399,0
222,122.13045,70.16337,-4.77919,17.762371,0.70163596,11.924854,1.1733786,7.3149247,5.676622,5.3781643,2.2433546,2.99492,4.852273,0
223,106.89349,80.16733,-4.6447964,20.23291,4.6020737,10.143015,4.3851075,6.9895306,4.1653566,4.600958,3.805417,3.9201138,3.5118833,0
224,125.72631,60.784676,-9.10977,14.614263,0.6911913,10.062019,3.4220147,3.1538863,2.5085719,3.286803,1.822561,2.0269914,1.1768304,0
225,116.558914,80.0061,-7.4678783,12.606209,-2.206096,7.0962334,0.44978374,4.718032,0.30173495,2.051832,0.8432365,-1.4941695,-1.9420583,0
226,123.155106,75.58878,-6.1927767,16.238401,-2.2751741,9.640295,1.4115183,4.1379004,1.2892578,4.4502707,3.0735183,4.6790476,3.6525006,0
227,134.25002,66.493286,-4.3295937,14.413313,-2.7232246,9.435795,0.5361626,5.704597,0.6333364,1.2139697,-0.31410766,0.0843998,-0.40993184,0
228,109.482666,96.52544,-13.2759495,14.701351,-2.0382402,3.814052,-2.186448,1.3495011,0.7151319,2.5777225,1.9346998,2.2123365,1.322968,0
229,86.63344,119.14371,-5.038526,20.519802,-0.7346293,8.1735115,3.4556625,4.5185065,2.8077183,2.9303415,1.2733183,0.78804505,-0.07459228,0
230,121.5676,76.24916,-7.628239,14.390238,0.23495956,10.616802,1.15705,6.6499906,3.0910728,4.615909,1.9728818,3.3340936,2.7941334,0
231,138.39937,62.224407,-17.066946,8.50691,2.2646413,12.826754,0.26026905,1.9430296,0.43025136,1.8337741,0.89163965,1.1533995,1.8163025,0
232,126.032486,51.334236,-11.656088,21.862682,1.9724166,9.143274,2.938933,5.6694407,5.1148853,7.4791536,4.5505314,5.047339,5.6788063,0
233,121.252205,75.18103,-7.18699,17.116262,-2.7918863,7.3773823,-0.459324,3.5289755,2.600799,5.4467382,6.731773,4.953519,1.5916917,0
234,120.48504,49.604576,-1.3595154,15.857204,-1.6955636,10.749126,0.85049903,8.768145,2.0301855,5.7200603,3.0393565,4.857429,3.7553315,0
235,129.07343,78.166794,-12.068129,13.395802,-1.0239924,7.198719,-4.0003033,1.2301447,-1.0256022,-0.4553095,-0.3788573,0.11241385,0.021520834,0
236,140.75177,60.486946,-13.16038,14.511946,-0.7352809,6.353768,-0.058718517,5.418792,2.813273,3.756242,1.9040359,1.6370097,1.1573048,0
237,108.63362,77.00354,-5.4673615,22.517813,1.8873135,7.344266,-0.12759626,2.3182855,1.9684974,2.1346762,1.3964586,2.9883366,2.0326612,0
238,128.02396,71.465416,-13.376931,10.403583,-3.501738,6.665629,-2.0844615,2.5685935,2.7239552,4.4049892,3.907899,4.25506,2.6504428,0
239,134.7757,56.250076,-14.375032,13.642099,-2.3810754,6.247142,0.91636,6.9736323,4.777546,4.7717013,3.6192813,2.8321424,3.250495,0
240,128.93243,63.852,-10.741034,15.724197,1.9432783,8.899944,2.0471513,5.255334,3.1901798,5.0342693,3.4019847,5.249875,3.9100833,0
241,124.6356,65.53908,-8.696688,14.082626,-4.236824,14.2956295,9.3463,9.306152,5.43493,5.6249113,4.8089304,4.9566894,4.7508335,0
242,117.262726,72.875,-10.256113,18.250175,1.2681398,10.349579,3.39212,8.510827,4.8706303,5.632259,2.671898,2.8987432,2.6233075,0
243,120.12239,54.564278,-9.121876,20.851274,5.505371,16.35418,10.474167,12.4217825,6.7627735,5.0411024,3.846456,4.757306,3.4842305,0
244,96.530075,78.25523,-9.838762,18.61695,0.41494855,7.6146436,0.31835276,3.858643,0.41363183,4.9169273,4.715522,5.9852343,5.979789,0
245,133.65634,58.832382,-3.2734327,17.067015,0.040205326,12.415024,-0.30299664,3.9717057,3.0717263,4.0981703,2.175828,1.3201418,1.2864044,0
246,120.0686,80.68179,-9.218967,18.089485,1.5723587,10.041338,2.5908747,4.6938796,2.5111141,2.7501917,1.2672098,1.846421,1.6826227,0
247,120.84769,80.398605,-5.3150187,16.932835,0.9307244,5.758956,-0.7472732,2.9169693,0.74782,2.750064,2.682825,3.2044563,2.817429,0
248,127.55043,70.99184,-13.53158,12.412212,1.1456158,9.974203,2.473741,4.5302286,2.002602,3.3590717,1.8917923,3.0625134,2.0856664,0
249,108.81355,76.497665,-6.554815,16.7858,3.7849183,8.100244,1.5499032,1.4012516,-1.1443255,0.70499456,0.5601009,3.3314018,3.6022553,0
250,126.447235,64.52641,-11.315563,15.7439,0.2720026,4.601303,-3.2681646,2.1264033,-0.016793862,3.0288577,0.7559264,1.3083754,0.37801713,0
251,122.73003,69.9137,-5.2037516,16.3526,-3.746006,5.0206203,-4.442619,2.167429,-4.6665506,-3.2559924,-3.1016192,-5.1787004,-3.2425623,0
252,123.12431,77.75328,-6.7444067,13.881088,-2.2717195,7.7509108,1.2431667,4.7340717,0.7389071,3.2584434,-0.14369945,0.5207746,0.1932432,0
253,128.88788,63.70985,-5.051333,21.307087,1.2716423,10.079042,1.6330724,5.37274,1.4076608,3.2411125,2.8549094,3.3481746,2.8416004,0
254,132.86627,61.164886,-13.924557,14.421674,-2.792313,8.823239,3.5875106,4.622155,3.564067,4.402562,4.2869062,5.049511,4.277284,0
255,107.40027,91.4808,-12.096579,12.692873,-3.0153933,6.9067206,2.3041837,7.1466293,3.638064,4.769166,3.8427718,5.5461893,4.950925,0
256,107.405525,80.12882,-3.787517,15.4989395,2.077858,10.07856,4.1782856,7.1092167,3.543312,4.395694,2.519385,3.5814362,1.9316103,0
257,129.32982,69.33119,-18.83985,10.75866,-1.7357835,6.3032923,1.3494637,6.6515813,3.7773895,6.466318,5.551971,4.992405,3.0348167,0
258,115.65376,84.073,-6.2626677,19.125635,2.679379,9.109624,1.4432275,4.3360124,0.91488117,2.713344,1.6452975,2.3714514,1.457809,0
259,118.93564,68.158745,-6.516302,24.507423,3.4026203,7.8241634,0.5487572,3.159082,0.46805894,0.62514395,0.24496326,1.6124799,1.859839,0
260,110.788635,79.75278,-5.816636,22.95318,-0.15860221,8.218692,4.7049036,7.4856024,5.298773,5.5586433,5.778875,5.606589,4.516691,0
261,118.312775,82.160965,-17.026157,14.463287,-0.3419692,9.277778,1.3949863,2.7093234,1.5385816,1.9802849,0.70052934,1.162926,1.5259244,0
262,126.061745,72.22031,-12.533578,15.431948,-1.2344471,6.2594595,2.1292596,4.556283,1.3100044,3.9257522,3.1790354,3.9901261,2.6627374,0
263,126.62219,72.23024,-9.882734,8.391506,1.888308,12.805457,2.6733255,8.143057,5.0914526,4.9531646,2.742176,2.9095986,2.32297,0
264,119.40631,78.218155,-8.242748,21.606548,0.49207574,9.639704,-0.11913732,2.4846501,1.2273018,1.0151443,0.359246,1.0621501,0.82866067,0
265,125.936035,75.47438,-8.489265,15.878503,-1.4237226,11.669729,3.9739377,5.7900257,2.957168,2.0686822,0.046844758,0.31388706,0.36624706,0
266,120.95763,87.11476,1.0425998,16.36797,-1.8850684,10.939501,-4.739087,3.022928,1.3929888,-0.116052955,3.8645477,0.57957983,2.8577166,0
267,135.02597,67.246506,-5.5321503,14.022957,-6.8578205,11.094996,7.33881,5.8720827,1.895956,4.9565086,3.6456308,2.0189705,3.4129703,0
268,96.43962,99.520775,-9.567713,18.692394,1.7855706,8.401201,1.1777968,3.4070709,0.34600344,2.127656,1.47206,2.4888778,2.267778,0
269,124.43557,92.03662,-8.176787,17.311344,1.0927188,7.38392,0.20740828,3.3650024,0.7885896,1.841293,1.1014773,2.52355,2.2096877,0
270,120.50206,86.19299,-3.8713374,11.354842,0.0782758,5.607667,0.5414536,4.000762,0.1655549,2.5062895,0.42136502,1.9255793,1.3254697,0
271,116.558914,80.0061,-7.4678783,12.606209,-2.206096,7.0962334,0.44978374,4.718032,0.30173495,2.051832,0.8432365,-1.4941695,-1.9420583,0
272,122.38922,59.296356,-3.6656022,13.36969,-2.2996056,12.104309,-1.2999048,7.699189,3.3131924,3.3349848,1.7200663,2.8243923,3.7657638,0
273,127.065414,65.73863,-16.888432,12.065068,0.33937854,10.171278,0.45368254,2.436832,0.43419173,1.6469324,-2.2093866,0.13038182,3.0813966,0
274,114.360985,78.8154,-21.186535,7.6774874,-5.520788,4.8594885,1.8698901,6.7575674,3.683314,2.5194445,1.2555118,3.8960853,3.369928,0
275,121.160904,61.957626,-8.3538265,19.372505,2.0417023,11.671715,2.9495587,7.023987,3.9779897,4.97206,2.0411232,3.8876483,3.893385,0
276,132.72635,62.179058,-10.747637,7.3054466,-2.5810084,6.9403815,1.9439628,4.8290386,1.8724673,6.0323267,1.7046783,3.3533678,0.56204665,0
277,124.43557,92.03662,-8.176787,17.311344,1.0927188,7.38392,0.20740828,3.3650024,0.7885896,1.841293,1.1014773,2.52355,2.2096877,0
278,136.84787,69.07587,-11.313284,12.262162,-2.2932816,7.683149,-0.6485809,1.4614153,1.0413175,-0.26560232,-0.42604738,0.09738001,-0.79576683,0
279,126.77524,69.49477,-13.924142,12.583859,-1.2689776,6.790905,3.469058,8.030246,6.316081,5.198489,2.777296,3.0780497,2.512271,0
280,127.348854,62.053833,-12.525354,11.466266,-0.88309216,11.970616,1.0613573,2.2829406,2.2403011,3.9894078,2.9261951,3.004948,2.5050426,0
281,124.07143,81.24971,-12.133998,14.472147,-0.3643969,7.2952003,0.18723336,5.5899134,2.5383604,4.8628635,5.6246896,6.952446,4.3480606,0
282,119.80463,79.29102,-2.618208,15.4297695,-1.2654634,7.386571,1.0315918,4.1119604,3.0944378,6.710938,3.2859695,3.518902,2.4505792,0
283,89.743065,107.28563,-5.5606384,18.11784,1.3198522,9.514963,1.9558752,5.376663,2.1296062,3.4354224,1.7097926,2.4580297,2.2747798,0
284,101.4572,92.4668,-2.2640743,19.77127,0.9798323,7.092428,-0.056675266,5.3372917,0.31580546,1.6019247,-0.78633314,-0.31859273,-1.4892721,0
285,123.54119,76.411575,-12.937004,13.044123,0.3542819,8.396673,-0.26167044,2.0508678,1.0940996,3.0651693,2.1388466,0.9315505,0.39755547,0
286,119.28028,85.096436,-10.655369,16.151466,-0.087235026,5.7983427,-1.5524635,4.210099,2.4177394,4.46508,5.3826933,2.9801564,2.821483,0
287,96.530075,78.25523,-9.838762,18.61695,0.41494855,7.6146436,0.31835276,3.858643,0.41363183,4.9169273,4.715522,5.9852343,5.979789,0
288,126.04341,71.96617,-11.326317,14.224182,-0.36296293,5.569481,2.6101444,4.26623,1.473962,3.836904,3.167437,4.0572248,2.535538,0
289,124.393036,63.314774,-4.394188,19.876064,5.7543316,11.207452,1.9454696,6.143368,0.22198097,1.9047581,1.4272258,3.661557,2.7701855,0
290,128.4182,73.65138,-11.094954,12.891857,-3.7120857,3.2711606,-3.8668423,2.4420655,0.7959447,1.236834,1.8417771,1.4907798,1.4849732,0
291,126.77005,81.15503,-11.756044,11.335445,-3.9356303,4.8830557,-1.5429513,3.1386824,1.5713446,2.7245262,3.358985,2.9319093,2.7194586,0
292,122.15087,73.4379,-11.678976,15.726727,0.84370315,7.6561584,1.5250225,5.238859,1.8915968,2.9749975,2.201847,2.2696366,2.792075,0
293,122.675385,65.666855,-11.086506,14.791422,1.3522105,11.924666,4.7266498,5.856396,3.64747,4.462785,2.5830932,3.4579923,4.2134,0
294,132.75804,70.850876,-12.061409,9.189058,-4.4366813,9.571283,-0.31040192,4.470419,2.3697743,3.858829,1.0582976,1.8388255,1.7802142,0
295,117.63658,75.02757,-12.829119,14.277155,-0.11391773,5.3987303,-0.8151723,2.97748,1.6454794,6.457412,6.061407,4.102232,2.0396404,0
296,119.997055,91.72525,-9.286309,16.289492,0.020700656,8.44628,1.4348285,2.277276,0.007046463,1.5195265,-0.31649387,0.44961166,0.66362464,0
297,131.18002,74.39125,-5.7149496,13.884342,-1.9961631,8.699892,-1.9597313,3.7490876,1.1537861,2.7137713,1.5414827,3.0409288,2.9827886,0
298,120.86176,74.22604,-7.475315,14.190031,0.062030233,9.815836,0.61999357,6.0115404,1.8233962,4.6580005,2.2028878,2.8702016,1.5027866,0
299,120.43102,85.43747,-12.521196,14.712788,-0.9698194,6.495366,1.6507835,4.733884,-0.6648004,0.63671386,-0.9584565,-1.4375529,-1.035734,0
300,116.04027,91.96052,-9.782135,17.756035,-1.0890117,7.215304,2.0272558,4.070515,2.1965947,1.8160577,1.052157,1.5445843,0.64535415,0
301,129.7496,57.193947,-16.126709,16.516304,-2.9232273,7.1952877,1.8046873,6.679725,4.7199564,4.3104353,2.8840113,2.8131795,3.314468,0
302,120.32901,84.803764,-19.705492,11.646538,0.67675996,10.939003,4.5531435,7.648526,4.558008,5.192075,3.7958727,3.391013,2.814785,0
303,117.59265,84.44299,-8.165943,11.910831,-1.6457534,8.877436,0.667236,4.934539,1.2922944,4.392567,2.0988204,3.8124309,2.500029,0
304,125.871925,58.120407,-9.555599,13.251457,1.4275677,13.832509,1.1320695,7.5040083,4.199979,4.6900105,3.327382,2.5557375,1.2390414,0
305,139.05098,56.00781,-12.780337,17.306017,-0.48342547,7.1027784,0.6700287,5.6937966,2.2033482,2.8452172,1.7242894,2.2047443,1.6930666,0
306,126.9598,60.41481,-6.228222,15.412518,1.0438595,7.086308,0.5249075,4.6573896,2.0297563,2.2266703,2.0972676,3.1914308,3.1364825,0
307,130.25082,66.53659,-8.8564,13.692983,-3.875183,6.302886,1.2220209,4.7157683,1.5306208,1.6341128,-0.10831587,2.2929342,2.0179033,0
308,126.11665,51.400566,-10.077797,22.634308,2.286433,9.320971,3.3014822,6.1548424,5.345132,8.556094,4.987831,5.7266464,6.065568,0
309,122.15087,73.4379,-11.678976,15.726727,0.84370315,7.6561584,1.5250225,5.238859,1.8915968,2.9749975,2.201847,2.2696366,2.792075,0
310,130.67488,65.8324,-5.0027,14.879688,-2.4326754,8.118689,-1.3889157,3.7394528,0.41847324,2.7721019,1.223323,0.6166405,-0.66199636,0
311,122.13045,70.16337,-4.77919,17.762371,0.70163596,11.924854,1.1733786,7.3149247,5.676622,5.3781643,2.2433546,2.99492,4.852273,0
312,129.04196,60.51001,-8.951387,10.816465,-1.999545,7.844754,3.2300682,6.442735,3.2026749,6.3044796,5.0881205,5.682132,3.403255,0
313,112.78244,71.426155,-12.113342,21.231522,1.9569459,9.548473,3.5777612,7.650422,4.9727664,6.2680697,4.974634,4.965865,3.8146172,0
314,115.62221,81.537445,-13.848686,15.007404,-0.84581447,8.091579,3.470583,7.650818,3.343028,4.437108,4.184042,4.721099,4.6717796,0
315,135.89423,73.89496,-12.348469,16.261484,0.05015544,8.664757,1.0673951,3.859531,1.0626305,0.77774465,0.87318516,0.6348075,1.5699329,0
316,123.513885,69.13136,-7.018589,13.686766,-0.6198093,9.376215,0.35692376,6.013134,1.2186155,3.6933074,1.4004505,2.0405848,2.001009,0
317,124.07143,81.24971,-12.133998,14.472147,-0.3643969,7.2952003,0.18723336,5.5899134,2.5383604,4.8628635,5.6246896,6.952446,4.3480606,0
318,114.81721,80.11842,-1.1982087,15.152145,-0.048505485,8.100481,-0.9467027,2.581556,-0.7710546,0.0146689415,-0.85617423,1.0307868,-0.00019881129,0
319,130.60583,75.034485,-9.358031,16.789818,1.2215335,10.27408,2.1166964,1.6230217,0.2796745,2.716964,2.7702098,3.0548768,1.5144255,0
320,108.85379,90.764694,-6.569746,18.65781,4.5231433,11.219532,3.0013866,5.7468543,3.4256806,4.7597814,3.8721611,3.7578683,1.8616779,0
321,112.437164,76.3712,-3.3343318,16.539337,5.7208953,15.227659,6.5819654,8.020214,2.9369726,4.6242228,2.2838547,3.409574,2.961375,0
322,129.56427,54.289116,-21.653187,15.149126,-0.46972007,6.8024178,3.9662638,6.718005,2.130433,4.1704016,4.2798233,5.114354,3.8397198,0
323,122.601364,65.59667,-9.774099,16.601845,-2.150818,9.3061695,1.7216532,5.21391,3.1938844,3.9145176,0.95437455,1.6791172,1.7353355,0
324,128.08818,65.795265,-11.673556,14.482068,-0.7116369,9.084094,-1.4350464,2.4292521,1.0883951,0.89979583,0.5503783,0.58739775,2.2951515,0
325,123.36665,60.52451,-16.2194,10.32364,-3.678354,6.7805367,0.567166,7.1134024,3.7921696,4.5825615,3.109542,3.9975495,4.2137957,0
326,133.87262,78.151825,-8.608204,14.092966,-3.6611953,5.05292,-4.2491,1.3149831,-1.23677,1.0140284,1.9295653,0.25191766,-0.06480682,0
327,118.62999,82.724724,-13.158831,18.945114,4.605739,11.749733,5.362323,9.6167755,4.638876,4.377735,3.3273988,3.1759064,2.0648918,0
328,131.3836,64.08095,-6.0041084,19.739725,2.06969,9.368141,1.7597694,4.8599057,4.1471386,8.069853,4.4294453,5.7060585,4.708499,0
329,120.76042,61.23569,-14.562132,10.568378,-0.30613545,11.827231,1.9064285,2.1860437,1.0869827,2.1776571,1.327212,1.7333412,0.44977546,0
330,128.32349,77.64879,-19.70726,12.240597,2.6652803,9.849233,3.4391701,3.5307195,0.14640485,1.8392909,1.9356537,2.3085399,1.4969275,0
331,133.70493,66.24841,-20.372913,12.121463,0.42157453,8.52317,0.80929303,3.6494296,0.31067127,0.36774585,0.35431683,2.0233624,3.2209158,0
332,134.79384,56.890762,-15.070294,13.962041,1.2418456,9.085102,2.9025187,5.087784,-0.81763166,0.28367662,-0.9302576,0.15499088,1.7969055,0
333,129.24908,72.1302,-18.906689,10.56345,-2.5441422,3.2835999,-5.6876097,1.7061875,1.0253974,3.8805633,3.408122,3.6686184,2.5817897,0
334,113.37506,81.85288,-10.117878,14.15102,-0.58184433,7.2998905,0.40124056,3.6010675,0.27578804,1.6836659,1.05074,2.9310706,3.2920895,0
335,130.914,69.66106,-10.76066,12.6772,-4.57216,6.7228584,0.19504349,4.0311856,0.48419026,2.162034,1.2504869,3.3802967,2.3360496,0
336,123.03401,67.21915,-2.6749032,22.635254,2.2364368,6.8372,0.30597356,3.839928,0.2767792,2.3735278,0.47376952,0.9395351,1.3887625,0
337,123.35835,71.036415,-9.153105,10.298066,-3.9840841,9.460182,1.9008017,6.4687986,2.1231484,4.189225,1.971386,2.233386,0.28059292,0
